{
  "project_info": {
    "project_number": "822049392994",
    "project_id": "ebookreader-a28a9",
    "storage_bucket": "ebookreader-a28a9.appspot.com"
  },
  "client": [
    {
      "client_info": {
        "mobilesdk_app_id": "1:822049392994:android:5ca199cd498244bb34043b",
        "android_client_info": {
          "package_name": "com.example.ebookreader"
        }
      },
      "oauth_client": [
        {
          "client_id": "822049392994-iemedlip906hct7i74sgaot7pmo4qgkg.apps.googleusercontent.com",
          "client_type": 3
        }
      ],
      "api_key": [
        {
          "current_key": "AIzaSyA7QRGYPVoDtxzepv4OapR2cgG_PdWzH_0"
        }
      ],
      "services": {
        "appinvite_service": {
          "other_platform_oauth_client": [
            {
              "client_id": "822049392994-iemedlip906hct7i74sgaot7pmo4qgkg.apps.googleusercontent.com",
              "client_type": 3
            }
          ]
        }
      }
    }
  ],
  "configuration_version": "1"
}